SET DEFINE OFF;
Insert into MODA3.HOTELS (HOTEL_ID,NAME,EMAIL,RATING,PHONE_NUMBER,STREET,POSTAL_CODE,LOCALITY,COUNTRY,BUILDING_NUMBER,APARTMENT_NUMBER) values ('1','Mariot','mariot@example.com','5','226306306','aleje Jerozolimskie','00-697','Warszawa','Polska','65','79');
Insert into MODA3.HOTELS (HOTEL_ID,NAME,EMAIL,RATING,PHONE_NUMBER,STREET,POSTAL_CODE,LOCALITY,COUNTRY,BUILDING_NUMBER,APARTMENT_NUMBER) values ('2','NYX','nyx@gmail.com','4','228469103','Chmielna','00-801','Warszawa','Polska','71',null);
Insert into MODA3.HOTELS (HOTEL_ID,NAME,EMAIL,RATING,PHONE_NUMBER,STREET,POSTAL_CODE,LOCALITY,COUNTRY,BUILDING_NUMBER,APARTMENT_NUMBER) values ('3','404 Rooms Wilanowska','404@wilanowska.com','3','668933210','Wilanowska','00-201','Warszawa','Polska','26',null);

Insert into MODA3.OPINIONS (OPINION_ID,RATING,"DATE","COMMENT",USER_ID,HOTEL_ID) values ('1','5',to_date('24/01/07','RR/MM/DD'),'bardzo fajny hotel','1','1');
Insert into MODA3.OPINIONS (OPINION_ID,RATING,"DATE","COMMENT",USER_ID,HOTEL_ID) values ('2','4',to_date('24/01/07','RR/MM/DD'),'Całkiem ok, połączenie z Wi-Fi mogłoby lepiej działać.','2','1');
Insert into MODA3.OPINIONS (OPINION_ID,RATING,"DATE","COMMENT",USER_ID,HOTEL_ID) values ('3','5',to_date('24/01/08','RR/MM/DD'),'Super hotel! Zapewnione atrakcje dla dzieci przez obsługę pozwalają w pełni odprężyć się zakwaterowanym.','3','2');
Insert into MODA3.OPINIONS (OPINION_ID,RATING,"DATE","COMMENT",USER_ID,HOTEL_ID) values ('4','1',to_date('24/01/08','RR/MM/DD'),'Syf, brud, malaria','4','1');

Insert into MODA3.PAYMENT_METHODS (PAYMENT_METHOD_ID,VALUE) values ('1','OnSite');
Insert into MODA3.PAYMENT_METHODS (PAYMENT_METHOD_ID,VALUE) values ('2','CreditCard');
Insert into MODA3.PAYMENT_METHODS (PAYMENT_METHOD_ID,VALUE) values ('3','BLIK');
Insert into MODA3.PAYMENT_METHODS (PAYMENT_METHOD_ID,VALUE) values ('4','BankTransfer');

Insert into MODA3.USERS (USER_ID,FIRST_NAME,LAST_NAME,EMAIL,PHONE_NUMBER,GENDER,STREET,POSTAL_CODE,LOCALITY,COUNTRY,BUILDING_NUMBER,APARTMENT_NUMBER) values ('1','Jacek','Dobrowolski','jacek@example.com','+48626131423','Male','Końska','12-12123','Warszawa','Polska','12','12');
Insert into MODA3.USERS (USER_ID,FIRST_NAME,LAST_NAME,EMAIL,PHONE_NUMBER,GENDER,STREET,POSTAL_CODE,LOCALITY,COUNTRY,BUILDING_NUMBER,APARTMENT_NUMBER) values ('2','Jakub','Kowalczyk','kuba@gmail.com','+48784622015','Male','Waryńskiego','01-0111','Radom','Polska','4',null);
Insert into MODA3.USERS (USER_ID,FIRST_NAME,LAST_NAME,EMAIL,PHONE_NUMBER,GENDER,STREET,POSTAL_CODE,LOCALITY,COUNTRY,BUILDING_NUMBER,APARTMENT_NUMBER) values ('3','Mateusz','Grzelak','mateusz@wp.pl','502341231','Male','Marszałkowska','26-700','Zwoleń','Polska','10',null);
Insert into MODA3.USERS (USER_ID,FIRST_NAME,LAST_NAME,EMAIL,PHONE_NUMBER,GENDER,STREET,POSTAL_CODE,LOCALITY,COUNTRY,BUILDING_NUMBER,APARTMENT_NUMBER) values ('4','Jakub','Matejczyk','jakub@onet.pl','602242751','Male','Polna','35-080','Szczecin','Polska','5','5A');

Insert into MODA3.PAYMENT_STATUS (PAYMENT_STATUS_ID,VALUE) values ('1','UnPaid');
Insert into MODA3.PAYMENT_STATUS (PAYMENT_STATUS_ID,VALUE) values ('3','Paid');
Insert into MODA3.PAYMENT_STATUS (PAYMENT_STATUS_ID,VALUE) values ('2','Processing');

Insert into MODA3.ROOM_STANDARDS (ROOM_STANDARD_ID,VALUE) values ('1','Standard');
Insert into MODA3.ROOM_STANDARDS (ROOM_STANDARD_ID,VALUE) values ('2','Premium');
Insert into MODA3.ROOM_STANDARDS (ROOM_STANDARD_ID,VALUE) values ('3','SuperPremium');

Insert into MODA3.PROPERTIES (PROPERTY_ID,PROPERTY_NAME,DATA_TYPE,OPTIONAL) values ('1','Głębokość','NUMBER','Y');
Insert into MODA3.PROPERTIES (PROPERTY_ID,PROPERTY_NAME,DATA_TYPE,OPTIONAL) values ('2','Temperatura','NUMBER','Y');

Insert into MODA3.RESERVATIONS (RESERVATION_ID,USER_ID,PAYMENT_STATUS,PAYMENT_METHOD,PAYMENT_AMOUNT,PAYMENT_EXECUTION_TIME) values ('1','1','3','1','375',to_date('24/01/02','RR/MM/DD'));
Insert into MODA3.RESERVATIONS (RESERVATION_ID,USER_ID,PAYMENT_STATUS,PAYMENT_METHOD,PAYMENT_AMOUNT,PAYMENT_EXECUTION_TIME) values ('2','2','3','2','420',to_date('24/01/05','RR/MM/DD'));
Insert into MODA3.RESERVATIONS (RESERVATION_ID,USER_ID,PAYMENT_STATUS,PAYMENT_METHOD,PAYMENT_AMOUNT,PAYMENT_EXECUTION_TIME) values ('3','3','2','2','210',null);
Insert into MODA3.RESERVATIONS (RESERVATION_ID,USER_ID,PAYMENT_STATUS,PAYMENT_METHOD,PAYMENT_AMOUNT,PAYMENT_EXECUTION_TIME) values ('4','4','1','1','750',null);

Insert into MODA3.ROOM_RESERVATIONS (RESERVATION_ID,ROOM_ID,START_DATE,END_DATE,NUMBER_OF_GUESTS,BREAKFAST_FOR_HOW_MANY,LUNCHES_FOR_HOW_MANY,DINNERS_FOR_HOW_MANY) values ('1','1',to_date('24/01/02','RR/MM/DD'),to_date('24/01/08','RR/MM/DD'),'2','0','0','0');
Insert into MODA3.ROOM_RESERVATIONS (RESERVATION_ID,ROOM_ID,START_DATE,END_DATE,NUMBER_OF_GUESTS,BREAKFAST_FOR_HOW_MANY,LUNCHES_FOR_HOW_MANY,DINNERS_FOR_HOW_MANY) values ('2','2',to_date('24/01/05','RR/MM/DD'),to_date('24/01/08','RR/MM/DD'),'2','2','0','0');
Insert into MODA3.ROOM_RESERVATIONS (RESERVATION_ID,ROOM_ID,START_DATE,END_DATE,NUMBER_OF_GUESTS,BREAKFAST_FOR_HOW_MANY,LUNCHES_FOR_HOW_MANY,DINNERS_FOR_HOW_MANY) values ('2','4',to_date('24/01/05','RR/MM/DD'),to_date('24/01/08','RR/MM/DD'),'3','0','0','0');
Insert into MODA3.ROOM_RESERVATIONS (RESERVATION_ID,ROOM_ID,START_DATE,END_DATE,NUMBER_OF_GUESTS,BREAKFAST_FOR_HOW_MANY,LUNCHES_FOR_HOW_MANY,DINNERS_FOR_HOW_MANY) values ('3','7',to_date('24/01/10','RR/MM/DD'),to_date('24/01/12','RR/MM/DD'),'2','0','0','0');
Insert into MODA3.ROOM_RESERVATIONS (RESERVATION_ID,ROOM_ID,START_DATE,END_DATE,NUMBER_OF_GUESTS,BREAKFAST_FOR_HOW_MANY,LUNCHES_FOR_HOW_MANY,DINNERS_FOR_HOW_MANY) values ('4','6',to_date('24/01/14','RR/MM/DD'),to_date('24/01/15','RR/MM/DD'),'1','0','0','0');

Insert into MODA3.ROOMS (ROOM_ID,ROOM_NUMBER,BED_QUANTITY,ROOM_STANDARD,PRICE_PER_NIGHT,MAX_OCCUPANCY,HOTEL_ID) values ('1','1','1','1','75','2','1');
Insert into MODA3.ROOMS (ROOM_ID,ROOM_NUMBER,BED_QUANTITY,ROOM_STANDARD,PRICE_PER_NIGHT,MAX_OCCUPANCY,HOTEL_ID) values ('2','2','2','1','40','2','1');
Insert into MODA3.ROOMS (ROOM_ID,ROOM_NUMBER,BED_QUANTITY,ROOM_STANDARD,PRICE_PER_NIGHT,MAX_OCCUPANCY,HOTEL_ID) values ('3','3','1','3','550','2','1');
Insert into MODA3.ROOMS (ROOM_ID,ROOM_NUMBER,BED_QUANTITY,ROOM_STANDARD,PRICE_PER_NIGHT,MAX_OCCUPANCY,HOTEL_ID) values ('4','4','3','1','100','4','1');
Insert into MODA3.ROOMS (ROOM_ID,ROOM_NUMBER,BED_QUANTITY,ROOM_STANDARD,PRICE_PER_NIGHT,MAX_OCCUPANCY,HOTEL_ID) values ('6','1','1','3','325,5','2','2');
Insert into MODA3.ROOMS (ROOM_ID,ROOM_NUMBER,BED_QUANTITY,ROOM_STANDARD,PRICE_PER_NIGHT,MAX_OCCUPANCY,HOTEL_ID) values ('7','2','2','1','70','2','2');
Insert into MODA3.ROOMS (ROOM_ID,ROOM_NUMBER,BED_QUANTITY,ROOM_STANDARD,PRICE_PER_NIGHT,MAX_OCCUPANCY,HOTEL_ID) values ('8','3','2','2','180,75','3','2');