SET DEFINE OFF;
Insert into MODA3.HOTELS (HOTEL_ID,NAME,EMAIL,RATING,PHONE_NUMBER,STREET,POSTAL_CODE,LOCALITY,COUNTRY,BUILDING_NUMBER,APARTMENT_NUMBER) values ('1','Mariot','mariot@example.com','5','226306306','aleje Jerozolimskie','00-697','Warszawa','Polska','65','79');
Insert into MODA3.HOTELS (HOTEL_ID,NAME,EMAIL,RATING,PHONE_NUMBER,STREET,POSTAL_CODE,LOCALITY,COUNTRY,BUILDING_NUMBER,APARTMENT_NUMBER) values ('2','NYX','nyx@gmail.com','4','228469103','Chmielna','00-801','Warszawa','Polska','71',null);
Insert into MODA3.HOTELS (HOTEL_ID,NAME,EMAIL,RATING,PHONE_NUMBER,STREET,POSTAL_CODE,LOCALITY,COUNTRY,BUILDING_NUMBER,APARTMENT_NUMBER) values ('3','404 Rooms Wilanowska','404@wilanowska.com','3','668933210','Wilanowska','00-201','Warszawa','Polska','26',null);

Insert into MODA3.USERS (USER_ID,FIRST_NAME,LAST_NAME,EMAIL,PHONE_NUMBER,GENDER,STREET,POSTAL_CODE,LOCALITY,COUNTRY,BUILDING_NUMBER,APARTMENT_NUMBER) values ('1','Jacek','Dobrowolski','jacek@example.com','+48626131423','M','Końska','12-12123','Warszawa','Polska','12','12');
Insert into MODA3.USERS (USER_ID,FIRST_NAME,LAST_NAME,EMAIL,PHONE_NUMBER,GENDER,STREET,POSTAL_CODE,LOCALITY,COUNTRY,BUILDING_NUMBER,APARTMENT_NUMBER) values ('2','Jakub','Kowalczyk','kuba@gmail.com','+48784622015','M','Waryńskiego','01-0111','Radom','Polska','4',null);
Insert into MODA3.USERS (USER_ID,FIRST_NAME,LAST_NAME,EMAIL,PHONE_NUMBER,GENDER,STREET,POSTAL_CODE,LOCALITY,COUNTRY,BUILDING_NUMBER,APARTMENT_NUMBER) values ('3','Mateusz','Grzelak','mateusz@wp.pl','502341231','M','Marszałkowska','26-700','Zwoleń','Polska','10',null);
Insert into MODA3.USERS (USER_ID,FIRST_NAME,LAST_NAME,EMAIL,PHONE_NUMBER,GENDER,STREET,POSTAL_CODE,LOCALITY,COUNTRY,BUILDING_NUMBER,APARTMENT_NUMBER) values ('4','Jakub','Matejczyk','jakub@onet.pl','602242751','M','Polna','35-080','Szczecin','Polska','5','5A');

Insert into MODA3.OPINIONS (OPINION_ID,RATING,"ADDED_DATE","OPINION_TEXT",USER_ID,HOTEL_ID) values ('1','5',to_date('24/01/07','RR/MM/DD'),'bardzo fajny hotel','1','1');
Insert into MODA3.OPINIONS (OPINION_ID,RATING,"ADDED_DATE","OPINION_TEXT",USER_ID,HOTEL_ID) values ('2','4',to_date('24/01/07','RR/MM/DD'),'Całkiem ok, połączenie z Wi-Fi mogłoby lepiej działać.','2','1');
Insert into MODA3.OPINIONS (OPINION_ID,RATING,"ADDED_DATE","OPINION_TEXT",USER_ID,HOTEL_ID) values ('3','5',to_date('24/01/08','RR/MM/DD'),'Super hotel! Zapewnione atrakcje dla dzieci przez obsługę pozwalają w pełni odprężyć się zakwaterowanym.','3','2');
Insert into MODA3.OPINIONS (OPINION_ID,RATING,"ADDED_DATE","OPINION_TEXT",USER_ID,HOTEL_ID) values ('4','1',to_date('24/01/08','RR/MM/DD'),'Syf, brud, malaria','4','1');

Insert into MODA3.PROPERTIES (PROPERTY_CD,PROPERTY_NAME,DATA_TYPE,OPTIONAL) values ('gleb','Głębokość','N','Y');
Insert into MODA3.PROPERTIES (PROPERTY_CD,PROPERTY_NAME,DATA_TYPE,OPTIONAL) values ('tmp','Temperatura','N','Y');

Insert into MODA3.RESERVATIONS (RESERVATION_ID,USER_ID,PAYMENT_STATUS,PAYMENT_METHOD,PAYMENT_AMOUNT,PAYMENT_EXECUTION_TIME) values ('1','1','Paid','BLIK','375',to_date('24/01/02','RR/MM/DD'));
Insert into MODA3.RESERVATIONS (RESERVATION_ID,USER_ID,PAYMENT_STATUS,PAYMENT_METHOD,PAYMENT_AMOUNT,PAYMENT_EXECUTION_TIME) values ('2','2','Paid','CreditCard','420',to_date('24/01/05','RR/MM/DD'));
Insert into MODA3.RESERVATIONS (RESERVATION_ID,USER_ID,PAYMENT_STATUS,PAYMENT_METHOD,PAYMENT_AMOUNT,PAYMENT_EXECUTION_TIME) values ('3','3','Processing','CreditCard','210',null);
Insert into MODA3.RESERVATIONS (RESERVATION_ID,USER_ID,PAYMENT_STATUS,PAYMENT_METHOD,PAYMENT_AMOUNT,PAYMENT_EXECUTION_TIME) values ('4','4','UnPaid','OnSite','750',null);

Insert into MODA3.ROOMS (ROOM_ID,ROOM_NUMBER,BED_QUANTITY,ROOM_STANDARD,PRICE_PER_NIGHT,MAX_OCCUPANCY,HOTEL_ID) values ('1','1','1','Standard','75','2','1');
Insert into MODA3.ROOMS (ROOM_ID,ROOM_NUMBER,BED_QUANTITY,ROOM_STANDARD,PRICE_PER_NIGHT,MAX_OCCUPANCY,HOTEL_ID) values ('2','2','2','Standard','40','2','1');
Insert into MODA3.ROOMS (ROOM_ID,ROOM_NUMBER,BED_QUANTITY,ROOM_STANDARD,PRICE_PER_NIGHT,MAX_OCCUPANCY,HOTEL_ID) values ('3','3','1','SuperPremium','550','2','1');
Insert into MODA3.ROOMS (ROOM_ID,ROOM_NUMBER,BED_QUANTITY,ROOM_STANDARD,PRICE_PER_NIGHT,MAX_OCCUPANCY,HOTEL_ID) values ('4','4','3','Standard','100','4','1');
Insert into MODA3.ROOMS (ROOM_ID,ROOM_NUMBER,BED_QUANTITY,ROOM_STANDARD,PRICE_PER_NIGHT,MAX_OCCUPANCY,HOTEL_ID) values ('6','1','1','SuperPremium','325,5','2','2');
Insert into MODA3.ROOMS (ROOM_ID,ROOM_NUMBER,BED_QUANTITY,ROOM_STANDARD,PRICE_PER_NIGHT,MAX_OCCUPANCY,HOTEL_ID) values ('7','2','2','Standard','70','2','2');
Insert into MODA3.ROOMS (ROOM_ID,ROOM_NUMBER,BED_QUANTITY,ROOM_STANDARD,PRICE_PER_NIGHT,MAX_OCCUPANCY,HOTEL_ID) values ('8','3','2','Premium','180,75','3','2');

Insert into MODA3.ROOM_RESERVATIONS (RESERVATION_ID,ROOM_ID,START_DATE,END_DATE,NUMBER_OF_GUESTS,BREAKFAST_COUNT,LUNCH_COUNT,DINNER_COUNT) values ('1','1',to_date('24/01/02','RR/MM/DD'),to_date('24/01/08','RR/MM/DD'),'2','0','0','0');
Insert into MODA3.ROOM_RESERVATIONS (RESERVATION_ID,ROOM_ID,START_DATE,END_DATE,NUMBER_OF_GUESTS,BREAKFAST_COUNT,LUNCH_COUNT,DINNER_COUNT) values ('2','2',to_date('24/01/05','RR/MM/DD'),to_date('24/01/08','RR/MM/DD'),'2','2','0','0');
Insert into MODA3.ROOM_RESERVATIONS (RESERVATION_ID,ROOM_ID,START_DATE,END_DATE,NUMBER_OF_GUESTS,BREAKFAST_COUNT,LUNCH_COUNT,DINNER_COUNT) values ('2','4',to_date('24/01/05','RR/MM/DD'),to_date('24/01/08','RR/MM/DD'),'3','0','0','0');
Insert into MODA3.ROOM_RESERVATIONS (RESERVATION_ID,ROOM_ID,START_DATE,END_DATE,NUMBER_OF_GUESTS,BREAKFAST_COUNT,LUNCH_COUNT,DINNER_COUNT) values ('3','7',to_date('24/01/10','RR/MM/DD'),to_date('24/01/12','RR/MM/DD'),'2','0','0','0');
Insert into MODA3.ROOM_RESERVATIONS (RESERVATION_ID,ROOM_ID,START_DATE,END_DATE,NUMBER_OF_GUESTS,BREAKFAST_COUNT,LUNCH_COUNT,DINNER_COUNT) values ('4','6',to_date('24/01/14','RR/MM/DD'),to_date('24/01/15','RR/MM/DD'),'1','0','0','0');

Insert into MODA3.AMENITY_TYPES (AMENITY_TYPE_CD,AMENITY_NAME) values ('basen','Basen');
Insert into MODA3.AMENITY_TYPES (AMENITY_TYPE_CD,AMENITY_NAME) values ('sauna','Sauna');

Insert into MODA3.AMENITIES (AMENITY_ID,AMENITY_TYPE_CD,HOTEL_ID) values ('9','sauna','2');
Insert into MODA3.AMENITIES (AMENITY_ID,AMENITY_TYPE_CD,HOTEL_ID) values ('6','basen','1');
Insert into MODA3.AMENITIES (AMENITY_ID,AMENITY_TYPE_CD,HOTEL_ID) values ('7','basen','1');
Insert into MODA3.AMENITIES (AMENITY_ID,AMENITY_TYPE_CD,HOTEL_ID) values ('8','sauna','1');

Insert into MODA3.PROPERTIES (PROPERTY_CD,PROPERTY_NAME,DATA_TYPE,OPTIONAL) values ('gleb','Głębokość','N','Y');
Insert into MODA3.PROPERTIES (PROPERTY_CD,PROPERTY_NAME,DATA_TYPE,OPTIONAL) values ('temp','Temperatura','N','Y');

Insert into MODA3.AMENITY_TYPE_PROPERTIES (PROPERTY_CD,AMENITY_TYPE_CD) values ('temp','basen');
Insert into MODA3.AMENITY_TYPE_PROPERTIES (PROPERTY_CD,AMENITY_TYPE_CD) values ('gleb','basen');
Insert into MODA3.AMENITY_TYPE_PROPERTIES (PROPERTY_CD,AMENITY_TYPE_CD) values ('temp','sauna');

Insert into MODA3.PROPERTY_VALUES (AMENITY_ID,PROPERTY_CD,AMENITY_TYPE_CD,VALUE) values ('6','gleb','basen','3');
Insert into MODA3.PROPERTY_VALUES (AMENITY_ID,PROPERTY_CD,AMENITY_TYPE_CD,VALUE) values ('6','temp','basen','25');
Insert into MODA3.PROPERTY_VALUES (AMENITY_ID,PROPERTY_CD,AMENITY_TYPE_CD,VALUE) values ('7','gleb','basen','5');
Insert into MODA3.PROPERTY_VALUES (AMENITY_ID,PROPERTY_CD,AMENITY_TYPE_CD,VALUE) values ('7','temp','basen','18');
Insert into MODA3.PROPERTY_VALUES (AMENITY_ID,PROPERTY_CD,AMENITY_TYPE_CD,VALUE) values ('8','temp','sauna','90');
Insert into MODA3.PROPERTY_VALUES (AMENITY_ID,PROPERTY_CD,AMENITY_TYPE_CD,VALUE) values ('9','temp','sauna','100');

COMMENT ON TABLE "MODA3"."AMENITIES"  IS 'Tabela zawierająca informacje jakiego typu udogodnienia posiada dany hotel';
COMMENT ON TABLE "MODA3"."AMENITY_TYPE_PROPERTIES"  IS 'Tabela zawierająca informację jakie właściwości posiada każde z udogodnień';
COMMENT ON TABLE "MODA3"."AMENITY_TYPES"  IS 'Typy udogodnień jakie mogą posiadać hotele';
COMMENT ON TABLE "MODA3"."PROPERTIES"  IS 'Właściwości jakie mogą posiadać udogodnienia';
COMMENT ON TABLE "MODA3"."PROPERTY_VALUES"  IS 'Tabela zawierająca wartości właściwości dla każdego konkretnego udogodnienia';
COMMENT ON COLUMN "MODA3"."OPINIONS"."RATING" IS 'Ocena wystawiona przez użytkownika w skali 1-5';
COMMENT ON COLUMN "MODA3"."RESERVATIONS"."PAYMENT_EXECUTION_TIME" IS 'Data w której opłata za rezerwację została zaksięgowana/dostarczona';